dataset_name,task_name,train_index,auc,f1_score
mimic4,h,25,0.959313473,0.808917197
mimic4,h,50,0.957968464,0.811501597
mimic4,h,75,0.95666638,0.807692308
mimic4,h,100,0.955056662,0.805111821
mimic3,h,25,0.84983492,0.707865169
mimic3,h,50,0.849240888,0.707865169
mimic3,h,75,0.848681294,0.707692308
mimic3,h,100,0.847867729,0.702097902
