dataset_name,sample,seed_idx,total_params,train_time
mimic3,h,0,411633,300.56099581718445
mimic3,h,1,411633,297.2849614620209
mimic3,h,2,411633,295.87038254737854
mimic3,h,3,411633,296.0400540828705
mimic3,h,4,411633,299.2288587093353
mimic3,m,0,1329189,343.676372051239
mimic3,m,1,1329189,343.50137281417847
mimic3,m,2,1329189,339.0861279964447
mimic3,m,3,1329189,341.78615736961365
mimic3,m,4,1329189,342.9006140232086
