dataset_name,pyhealth_parsing_time,sample_time_1,sample_time_2,sample_time_3,sample_time_4,sample_time_5
mimic3,33.344810009002686,6.0129570960998535,5.938265085220337,5.877318382263184,5.944876194000244,5.882386922836304
mimic4,432.5925416946411,258.3966443538666,297.3922345638275,254.94701218605042,252.56688499450684,286.7794909477234
