dataset_name,pyhealth_parsing_time,sample_time_1
mimic3,33.344810009002686,6.0129570960998535
mimic4,432.5925416946411,258.3966443538666
