dataset_name,sample,seed#,seed_idx,total_params,train_time
mimic4,h,6669,0,383725,4374.216958999634
mimic4,m,6669,0,2817709,5339.636319637299
mimic3,h,6669,0,186001,287.91762471199036
mimic3,m,6669,0,1103814,331.0447745323181
