dataset_name,sample,seed#,seed_idx,total_params,train_time
mimic4,h,6669,0,768769,2036.7628047466278
mimic4,m,6669,0,966241,2090.3128147125244
mimic3,h,6669,0,363905,111.32897400856018
mimic3,m,6669,0,456998,114.72407698631287
