dataset_name,task_name,train_index,auc,f1_score
mimic3,h,30,0.7679630275549355,0.6483516483516484
mimic3,h,30,0.7595919079176839,0.6632124352331606
mimic3,h,30,0.7761597488664108,0.6737967914438502
mimic4,h,30,0.9589629120879121,0.8115015974440893
mimic4,h,30,0.9428371108058607,0.7702265372168284
mimic4,h,30,0.9416709592490843,0.8161993769470405
