dataset_name,task_name,train_index,f1_score,R@10,R@20,R@30,R@40,persistent@10,persistent@20,persistent@30,persistent@40,emerging@10,emerging@20,emerging@30,emerging@40
mimic3,m,30,0.15821743892766787,0.2518444810140797,0.3320233670014981,0.3996591192369935,0.4356082755715327,0.13113704345604763,0.15586991521384327,0.16932078545865917,0.18015093799292392,0.12070743755803214,0.17615345178765465,0.23033833377833432,0.2554573375786088
mimic3,m,30,0.16135232516384976,0.24975254082050122,0.34454558277685154,0.40617614490462967,0.4503465599540277,0.13032394986470888,0.1560173358242627,0.1693191588714203,0.18124894406778183,0.11942859095579228,0.18852824695258844,0.23685698603320923,0.2690976158862458
mimic3,m,30,0.16245163989601769,0.24961569933010233,0.3385706833131047,0.3995630789192512,0.4432035990975463,0.12510954568380142,0.14983145650177346,0.16823644866558057,0.18297101058151505,0.12450615364630074,0.18873922681133098,0.23132663025367048,0.2602325885160313
mimic4,m,30,0.24942953432390852,0.30550254545417627,0.3862864728160565,0.4398147628198572,0.4798981431649361,0.2118973352001766,0.24187758422077804,0.2581397529900596,0.2681331766507453,0.09360521025399979,0.14440888859527842,0.18167500982979776,0.21176496651419113
mimic4,m,30,0.251909680716497,0.30817917433596576,0.3953496057562288,0.4479942157776168,0.48906009623276575,0.213960003556963,0.2450646230990089,0.2592027071967949,0.2705143417305432,0.09421917077900244,0.15028498265721996,0.18879150858082175,0.21854575450222258
mimic4,m,30,0.2522528085870775,0.30601026803665154,0.39290779379859725,0.44477545127678536,0.48821268562919906,0.21095233080950812,0.2420258130753939,0.2564588026405853,0.2674138989968392,0.0950579372271435,0.15088198072320352,0.18831664863619987,0.2207987866323601
